job_id,era,job_date,submitted,application_number,pse_amount_claimed,client_amount,estimator_cohort,customer_id,photos_ready
5917,2024,2024-02-06,True,17031408,1423.4,,Estimator D,CUST-0001,True
5948,2024,2024-02-07,True,17033701,400.0,,Estimator A,CUST-0002,True
4832,2024,2024-02-09,False,,,,Estimator A,CUST-0003,True
5629,2024,2024-02-10,True,17091102,,,Estimator A,CUST-0004,True
5493,2024,2024-02-11,False,,,,Estimator A,CUST-0005,True
5495,2024,2024-02-12,True,17040301,,,Estimator A,CUST-0006,True
5399,2024,2024-02-13,True,17042006,,,Estimator A,CUST-0007,True
5966,2024,2024-01-17,True,17090509,5631.47,45310.0,Estimator A,CUST-0008,True
5982,2024,2024-01-19,True,17089508,4458.65,45313.0,Estimator A,CUST-0009,True
4620-2,2024,2024-01-22,True,17059605,5130.0,45313.0,Estimator A,CUST-0010,True
6008,2024,2024-02-02,True,17019509,3393.0,45330.0,Estimator A,CUST-0011,True
4947,2024,2024-02-06,True,17019903,5537.7,45329.0,Estimator D,CUST-0012,True
6029,2024,2024-02-08,True,17019708,2827.5,45334.0,Estimator D,CUST-0013,True
6034,2024,2024-02-09,True,17028406,4187.7,45331.0,Estimator D,CUST-0014,True
6035,2024,2024-02-26,True,17112107,6750.7,45348.0,Estimator D,CUST-0015,True
6090,2024,2024-03-09,True,17595900,7556.25,,Estimator A,CUST-0016,True
6094,2024,2024-03-06,True,17512604,,,Estimator A,CUST-0017,True
6113,2024,2024-03-13,True,13909405,3354.0,,Estimator D,CUST-0018,True
6142,2024,2024-03-23,True,17699904,2511.0,,Estimator A,CUST-0019,True
6156,2024,2024-03-28,True,17893807,4832.6,,Estimator D,CUST-0020,True
6152,2024,2024-04-01,True,18179902,5171.4,,Estimator A,CUST-0021,True
6163,2024,2024-04-05,True,17763402,7723.0,,Estimator D,CUST-0022,True
6180,2024,2024-04-08,True,18190308,4796.0,,Estimator A,CUST-0023,True
6193,2024,2024-04-15,True,18205401,3355.35,,Estimator B,CUST-0024,True
6198,2024,2024-04-18,True,18206004,5886.0,,Estimator D,CUST-0025,True
6226,2024,2024-04-26,True,18206409,2788.5,,Estimator D,CUST-0026,True
6197,2024,2024-04-26,True,18206900,1579.5,,Estimator A,CUST-0027,True
6160,2024,2024-04-26,True,18614706,17345.75,,Estimator A,CUST-0028,True
6224,2024,2024-04-30,True,18248901,4590.0,,Estimator D,CUST-0029,True
6181,2024,2024-04-30,True,18244705,10248.24,,Estimator A,CUST-0030,True
6239,2024,2024-05-02,True,18234406,3065.0,,Estimator A,CUST-0031,True
6247,2024,2024-05-06,True,18452005,,45440.0,Estimator A,CUST-0032,True
6250,2024,2024-05-07,True,18499603,550.0,,Estimator A,CUST-0033,True
6238,2024,2024-05-08,True,20939005,6397.5,,Estimator A,CUST-0034,True
6252,2024,2024-05-08,True,18384105,1620.0,,Estimator A,CUST-0035,True
6255,2024,2024-05-08,True,18500702,4123.8,,Estimator A,CUST-0036,True
6257,2024,2024-05-09,True,18324101,4230.0,,Estimator A,CUST-0037,True
6262,2024,2024-05-13,True,18545506,,,Estimator A,CUST-0038,True
6277,2024,2024-05-16,True,18383501,,,Estimator A,CUST-0039,True
6278,2024,2024-05-16,True,18643508,,,Estimator A,CUST-0040,True
6286,2024,2024-05-20,True,18654401,1000.0,,Estimator A,CUST-0041,True
6287,2024,2024-05-22,True,20933908,3326.4,2622.16,Estimator A,CUST-0042,True
6294,2024,2024-05-23,True,18744509,,,Estimator A,CUST-0043,True
6306,2024,2024-05-28,True,18821302,,,Estimator A,CUST-0044,True
6316,2024,2024-05-31,True,18862701,,,Estimator A,CUST-0045,True
6315,2024,2024-05-31,True,19035803,,,Estimator B,CUST-0046,True
5200,2024,2024-06-05,True,19036701,,,Estimator A,CUST-0047,True
6332,2024,2024-06-07,True,19141001,,,Estimator A,CUST-0048,True
6347,2024,2024-06-18,True,19640805,,,Estimator A,CUST-0049,True
6337,2024,2024-06-19,True,19011705,,,Estimator A,CUST-0050,True
6409,2024,2024-07-09,True,19673001,,,Estimator A,CUST-0051,True
6412,2024,2024-07-12,True,19813704,,,Estimator A,CUST-0052,True
5788,2024,2024-07-12,True,19859303,,,Estimator A,CUST-0053,True
5665-2,2024,2024-07-12,True,20023105,,,Estimator A,CUST-0054,True
5650,2024,2024-07-22,True,20990809,,,Estimator A,CUST-0055,True
4090,2024,2024-07-17,True,20025800,,,Estimator A,CUST-0056,True
5736,2024,2024-07-16,True,20255108,,,Estimator A,CUST-0057,True
5335,2024,2024-07-16,True,20426808,2646.0,3085.56,Estimator A,CUST-0058,True
6417,2024,2024-07-10,True,20256206,,,Estimator A,CUST-0059,True
6411,2024,2024-07-08,True,20444404,,,Estimator B,CUST-0060,True
6406,2024,2024-07-05,True,20363700,,,Estimator A,CUST-0061,True
6403,2024,2024-07-03,True,20382604,,,Estimator A,CUST-0062,True
6405,2024,2024-07-03,True,20445909,,,Estimator B,CUST-0063,True
6377,2024,2024-06-25,True,21012300,,,Estimator A,CUST-0064,True
5812,2024,2024-07-27,True,20383209,,,Estimator B,CUST-0065,True
5827,2024,2024-07-29,True,20383707,,,Estimator A,CUST-0066,True
5860,2024,2024-07-30,True,20447504,,,Estimator A,CUST-0067,True
5806,2024,2024-07-31,True,20692505,,,Estimator A,CUST-0068,True
5900,2024,2024-08-05,True,20954703,,,Estimator A,CUST-0069,True
6342,2024,2024-08-12,True,20693200,,,Estimator A,CUST-0070,True
6531,2024,2024-08-19,True,20478507,,,Estimator A,CUST-0071,True
6519,2024,2024-08-14,True,20465904,,,Estimator A,CUST-0072,True
6510,2024,2024-08-13,True,20480807,,,Estimator A,CUST-0073,True
6516,2024,2024-08-13,True,20530709,,,Estimator A,CUST-0074,True
6489,2024,2024-08-13,True,20541302,,,Estimator A,CUST-0075,True
6508,2024,2024-08-12,True,20543007,,,Estimator A,CUST-0076,True
6537,2024,2024-08-20,True,20580603,,,Estimator A,CUST-0077,True
6542,2024,2024-08-21,True,20581103,,,Estimator A,CUST-0078,True
6529,2024,2024-08-23,True,20582302,51.915,4603.61,Estimator A,CUST-0079,True
6509,2024,2024-08-26,True,20582906,,,Estimator A,CUST-0080,True
6547,2024,2024-08-27,True,20940505,,,Estimator A,CUST-0081,True
6550,2024,2024-08-28,True,20583807,,,Unattributed,CUST-0082,True
6084,2024,2024-09-04,True,20875105,2828.75,2763.9,Estimator A,CUST-0083,True
6562,2024,2024-09-05,True,20727501,,,Estimator A,CUST-0084,True
6113,2024,2024-09-05,True,20584109,,,Estimator B,CUST-0085,True
6599,2024,2024-09-17,True,20775902,,,Estimator A,CUST-0086,True
6584,2024,2024-09-19,True,20728505,,,Estimator B,CUST-0087,True
6597,2024,2024-09-24,True,20734406,2776.8,2683.06,Estimator A,CUST-0088,True
6140,2024,2024-09-25,True,20735403,,,Estimator B,CUST-0089,True
6147,2024,2024-09-25,True,20789009,,,Estimator A,CUST-0090,True
6152,2024,2024-09-25,True,20759108,,,Estimator A,CUST-0091,True
6156,2024,2024-09-27,True,20787400,,,Estimator A,CUST-0092,True
6117,2024,2024-10-02,True,20776101,,,Estimator A,CUST-0093,True
6197,2024,2024-10-04,True,20873007,4492.8,1374.75,Estimator A,CUST-0094,True
6134,2024,2024-10-04,True,20875600,9166.2,4827.12,Estimator A,CUST-0095,True
6668,2024,2024-10-24,True,20875809,7612.5,4046.21,Unattributed,CUST-0096,True
6669,2024,2024-10-10,True,20958502,,,Unattributed,CUST-0097,True
6689,2024,2024-10-11,True,20530309,,,Unattributed,CUST-0098,True
6685,2024,2024-10-14,True,20791206,,,Unattributed,CUST-0099,True
6701,2024,2024-10-15,True,20880201,5707.8,3171.45,Unattributed,CUST-0100,True
6694,2024,2024-10-17,True,20802400,,,Unattributed,CUST-0101,True
6646,2024,2024-10-18,True,20802805,,,Unattributed,CUST-0102,True
6684,2024,2024-10-23,True,20804705,,,Unattributed,CUST-0103,True
6711,2024,2024-10-24,True,21013508,,,Unattributed,CUST-0104,True
6713,2024,2024-10-25,True,20995604,,,Unattributed,CUST-0105,True
6732,2024,2024-10-30,True,20805001,,,Unattributed,CUST-0106,True
6730,2024,2024-11-01,True,20996003,,,Unattributed,CUST-0107,True
6737,2024,2024-11-01,True,20805908,,,Unattributed,CUST-0108,True
6735,2024,2024-11-04,True,21014605,,,Unattributed,CUST-0109,True
6747,2024,2024-11-04,True,21121401,,,Unattributed,CUST-0110,True
6597,2024,2024-11-04,True,21054104,,,Unattributed,CUST-0111,True
6745,2024,2024-11-04,True,21073509,,,Unattributed,CUST-0112,True
6744,2024,2024-11-04,True,21329109,2944.0,1186.35,Unattributed,CUST-0113,True
6714,2024,2024-11-05,True,20958808,,,Unattributed,CUST-0114,True
6742,2024,2024-11-05,True,21075808,,,Unattributed,CUST-0115,True
6734,2024,2024-11-06,True,21076101,,,Unattributed,CUST-0116,True
6748,2024,2024-11-07,True,21076501,,,Unattributed,CUST-0117,True
6765,2024,2024-11-08,True,21076908,,,Unattributed,CUST-0118,True
6739,2024,2024-11-11,True,21077509,,,Unattributed,CUST-0119,True
6788,2024,2024-11-13,True,21100400,,,Unattributed,CUST-0120,True
6778,2024,2024-11-15,True,21101002,,,Unattributed,CUST-0121,True
6784,2024,2024-11-18,True,21101704,,,Unattributed,CUST-0122,True
6795,2024,2024-11-19,True,21121607,,,Unattributed,CUST-0123,True
6803,2024,2024-11-20,True,21122402,,,Unattributed,CUST-0124,True
6801,2024,2024-11-21,True,21124408,,1761.41,Unattributed,CUST-0125,True
6794,2024,2024-11-21,True,21126704,,,Unattributed,CUST-0126,True
6799,2024,2024-11-25,True,21145506,2769.0,3847.19,Unattributed,CUST-0127,True
6787,2024,2024-12-03,True,21146309,4050.0,3368.55,Unattributed,CUST-0128,True
6822,2024,2024-12-04,True,21148202,6243.0,2244.6,Unattributed,CUST-0129,True
6821,2024,2024-12-04,True,21185509,6195.5,3403.02,Unattributed,CUST-0130,True
6831,2024,2024-12-05,True,21151404,2032.5,2894.63,Unattributed,CUST-0131,True
6767,2024,2024-12-11,False,,4147.65,2910.56,Unattributed,CUST-0132,True
6838,2024,2024-12-11,True,21148808,946.0,324.54,Unattributed,CUST-0133,True
6538,2024,2024-12-12,True,21186206,9715.0,2980.06,Unattributed,CUST-0134,True
6827,2024,2024-12-13,True,21328304,6730.5,2900.54,Unattributed,CUST-0135,True
6857,2024,2024-12-14,True,21403400,8754.0,7982.93,Unattributed,CUST-0136,True
6862,2024,2024-12-16,True,21403500,,,Unattributed,CUST-0137,True
6872,2024,2024-12-17,False,,,,Unattributed,CUST-0138,True
6871,2024,2024-12-17,False,,,,Unattributed,CUST-0139,True
6865,2024,2024-12-18,True,21404009,,,Unattributed,CUST-0140,True
6835,2024,2024-12-19,True,21458503,6723.75,3143.28,Unattributed,CUST-0141,True
6866,2024,2024-12-19,True,21406807,,,Unattributed,CUST-0142,True
6884,2024,2024-12-19,True,21431007,,,Unattributed,CUST-0143,True
6876,2024,2024-12-20,True,21568403,,,Unattributed,CUST-0144,True
6798,2024,2024-12-27,True,21571102,,,Unattributed,CUST-0145,True
6875,2024,2024-12-28,True,21589708,,,Unattributed,CUST-0147,True
6908,2024,2024-12-31,True,21589909,,,Unattributed,CUST-0148,True
6581,2024,2024-10-05,True,21590102,,,Unattributed,CUST-0149,True
6686,2024,2024-10-09,True,21590300,,,Unattributed,CUST-0150,True
6895,2025,2024-12-26,True,22338803,1657.5,3953.8,Estimator A,CUST-0151,True
6913,2025,2025-01-03,True,22007601,1000.0,3018.65,Estimator A,CUST-0152,True
6920,2025,2025-01-08,True,22123909,5994.0,1877.01,Estimator A,CUST-0153,True
6922,2025,2025-01-09,True,22125001,4275.0,1758.45,Estimator A,CUST-0154,True
6924,2025,2025-01-09,True,22125706,6723.0,2127.16,Estimator A,CUST-0155,True
6880,2025,2025-01-10,True,22280608,2808.0,3077.22,Estimator B,CUST-0156,True
6918,2025,2025-01-13,True,22336903,8417.4,11359.7,Estimator A,CUST-0157,True
6938,2025,2025-01-14,True,22572700,5908.5,6625.88,Estimator A,CUST-0158,True
6943,2025,2025-01-16,True,22573701,4773.6,4056.48,Estimator B,CUST-0159,True
6949,2025,2025-01-17,True,22374606,6588.0,4278.87,Estimator A,CUST-0160,True
6947,2025,2025-01-17,True,22385609,4738.4,8345.22,Estimator A,CUST-0161,True
6931,2025,2025-01-22,True,22854108,2662.5,1786.83,Estimator B,CUST-0162,True
6930,2025,2025-01-23,True,22386605,4860.0,1939.34,Estimator B,CUST-0163,True
6955,2025,2025-01-22,True,23023602,1615.0,6837.34,Estimator A,CUST-0164,True
6962,2025,2025-01-23,True,22388002,2500.0,810.5,Estimator A,CUST-0165,True
6959,2025,2025-01-23,True,23026901,2419.2,2808.6,Estimator B,CUST-0166,True
6971,2025,2025-01-30,True,22419405,2944.5,1299.84,Estimator A,CUST-0167,True
6967,2025,2025-01-30,True,22808407,10539.6,9328.04,Estimator A,CUST-0168,True
6976,2025,2025-02-03,True,22421005,3780.0,1790.15,Estimator B,CUST-0169,True
6982,2025,2025-02-04,True,22694602,2476.0,3723.02,Estimator A,CUST-0170,True
6987,2025,2025-02-04,True,22433700,3176.0,2583.05,Estimator A,CUST-0171,True
6981,2025,2025-02-05,True,22456805,6871.5,8669.39,Estimator B,CUST-0172,True
6989,2025,2025-02-07,True,22477402,2700.0,2254.5,Estimator A,CUST-0173,True
6972,2025,2025-02-08,True,23139800,11731.25,8283.36,Estimator A,CUST-0174,True
6995,2025,2025-02-10,True,23272807,3670.5,2946.17,Estimator A,CUST-0175,True
6999,2025,2025-02-10,True,23172704,7258.5,3234.74,Estimator A,CUST-0176,True
7003,2025,2025-02-11,True,23167701,1950.0,1309.75,Estimator A,CUST-0177,True
6966,2025,2025-02-11,True,23169407,4225.0,3148.56,Estimator A,CUST-0178,True
7018,2025,2025-02-14,True,23186603,1250.0,682.0,Estimator A,CUST-0179,True
6656,2025,2025-02-17,True,22677004,4750.0,2497.35,Estimator A,CUST-0180,True
7010,2025,2025-02-17,True,22684007,550.0,1849.03,Estimator A,CUST-0181,True
7014,2025,2025-02-20,True,22675300,3500.0,1748.44,Estimator B,CUST-0182,True
7022,2025,2025-02-21,True,23170803,5687.5,3820.36,Estimator A,CUST-0183,True
7026,2025,2025-02-22,True,22697700,2730.0,1748.16,Estimator A,CUST-0184,True
7027,2025,2025-02-22,True,23482003,550.0,6986.39,Estimator A,CUST-0185,True
7030,2025,2025-02-26,True,22743705,3875.0,1897.17,Estimator A,CUST-0186,True
6802,2025,2025-02-27,True,22778009,5616.5,1831.21,Estimator A,CUST-0187,True
6983,2025,2025-02-28,True,23314608,1898.1,4319.39,Estimator B,CUST-0188,True
7038,2025,2025-02-28,True,23275001,2145.0,1087.32,Estimator A,CUST-0189,True
7054,2025,2025-03-06,True,23171101,5006.6,6310.82,Estimator C,CUST-0190,True
7058,2025,2025-03-10,True,23497501,2145.0,3828.12,Estimator A,CUST-0191,True
7059,2025,2025-03-10,True,23157101,1000.0,4294.4,Estimator A,CUST-0192,True
7069,2025,2025-03-11,True,23275501,4374.0,7544.07,Estimator B,CUST-0193,True
7076,2025,2025-03-14,True,23294507,2195.0,8258.86,Estimator C,CUST-0194,True
7085,2025,2025-03-17,True,23276309,4725.0,1694.15,Estimator A,CUST-0195,True
7080,2025,2025-03-18,True,23504207,4767.2,2928.13,Estimator B,CUST-0196,True
7127,2025,2025-04-04,True,23315201,4050.0,4242.55,Estimator A,CUST-0197,True
7128,2025,2025-04-07,True,23278506,1657.5,1469.43,Estimator A,CUST-0198,True
7138,2025,2025-04-07,True,23497102,6377.85,3198.85,Estimator A,CUST-0199,True
7079,2025,2025-04-07,True,23664203,4827.5,3267.46,Estimator B,CUST-0200,True
7152,2025,2025-04-07,True,23418708,4455.0,4239.27,Estimator A,CUST-0201,True
7142,2025,2025-04-08,True,23411409,5688.15,4872.63,Estimator B,CUST-0202,True
7146,2025,2025-04-09,True,23628609,7965.0,2915.51,Estimator A,CUST-0203,True
7164,2025,2025-04-11,True,23207708,1288.0,4192.29,Estimator C,CUST-0204,True
7161,2025,2025-04-15,True,23548206,5666.0,6159.26,Estimator A,CUST-0205,True
7134,2025,2025-04-04,True,23314302,5750.0,3971.84,Estimator B,CUST-0206,True
7135,2025,2025-04-16,True,23419201,5238.0,4177.49,Estimator B,CUST-0207,True
7168,2025,2025-04-21,True,26205506,4158.0,2738.8,Estimator C,CUST-0208,True
7180,2025,2025-04-21,True,23842903,5199.4,3429.6,Estimator B,CUST-0209,True
7167,2025,2025-04-22,True,23355406,1321.8,3425.85,Estimator C,CUST-0210,True
7173,2025,2025-04-17,True,23419400,5454.0,3994.76,Estimator A,CUST-0211,True
7185,2025,2025-04-17,True,23496309,3780.0,2220.32,Estimator A,CUST-0212,True
7209,2025,2025-04-23,True,23601306,7203.0,5220.64,Estimator A,CUST-0213,True
7179,2025,2025-04-24,True,23496001,3880.5,7134.65,Estimator B,CUST-0214,True
7218,2025,2025-04-25,True,23400400,2999.7,6047.93,Estimator C,CUST-0215,True
7206,2025,2025-04-25,True,23504100,8053.5,9627.07,Estimator A,CUST-0216,True
7213,2025,2025-04-25,True,23495103,3510.0,3921.06,Estimator C,CUST-0217,True
7211,2025,2025-04-24,True,23419807,2349.0,3394.64,Estimator C,CUST-0218,True
7208,2025,2025-04-23,True,23494709,2585.7,3611.77,Estimator A,CUST-0219,True
7175,2025,2025-04-28,True,23490902,3056.25,3953.32,Estimator A,CUST-0220,True
7216,2025,2025-04-26,True,23843301,1000.0,1990.0,Estimator B,CUST-0221,True
7221,2025,2025-04-28,True,23494408,565.0,1232.78,Estimator A,CUST-0222,True
7214,2025,2025-04-28,True,23493603,5985.1,7502.84,Estimator B,CUST-0223,True
7232,2025,2025-05-05,True,23485508,6644.7,6391.55,Estimator B,CUST-0224,True
7228,2025,2025-05-02,True,23489906,6443.7,2349.53,Estimator B,CUST-0225,True
7130,2025,2025-05-02,True,23492906,5076.0,3962.05,Estimator C,CUST-0226,True
7255,2025,2025-05-08,True,26595302,4941.0,3657.22,Estimator A,CUST-0227,True
7254,2025,2025-05-08,True,23659006,3855.6,3825.3,Estimator B,CUST-0228,True
7251,2025,2025-05-07,True,23753304,2330.1,1261.61,Estimator A,CUST-0229,True
7250,2025,2025-05-07,True,23785400,2538.0,2448.66,Estimator A,CUST-0230,True
7259,2025,2025-05-07,True,23492503,3807.0,3919.46,Estimator A,CUST-0231,True
7239,2025,2025-05-06,True,23605809,2340.0,3484.07,Estimator A,CUST-0232,True
7245,2025,2025-05-06,True,23842505,7209.0,9145.0,Estimator B,CUST-0233,True
7266,2025,2025-05-12,True,23652801,3958.2,8116.73,Estimator A,CUST-0234,True
7275,2025,2025-05-13,True,23606002,1560.0,1941.84,Estimator A,CUST-0235,True
7273,2025,2025-05-12,True,24030104,616.0,5138.64,Estimator B,CUST-0236,True
7288,2025,2025-05-14,True,23604001,2094.3,8376.56,Estimator C,CUST-0237,True
7283,2025,2025-05-21,True,25738305,2671.5,8981.0,Estimator B,CUST-0238,True
7281,2025,2025-05-14,True,23760404,6612.0,8034.31,Estimator C,CUST-0239,True
7282,2025,2025-05-19,True,23843709,4123.0,8342.5,Estimator B,CUST-0240,True
7300,2025,2025-05-20,True,23652701,7266.0,11490.51,Estimator A,CUST-0241,True
7308,2025,2025-05-22,True,25724203,550.0,2844.34,Estimator A,CUST-0242,True
7310,2025,2025-05-23,True,23653501,4455.0,1906.68,Estimator A,CUST-0243,True
7311,2025,2025-05-24,True,23729408,5899.5,5105.62,Estimator C,CUST-0244,True
7295,2025,2025-05-27,True,23655606,550.0,2703.85,Estimator A,CUST-0245,True
7322,2025,2025-05-29,True,23833703,3100.5,2522.94,Estimator A,CUST-0246,True
7321,2025,2025-05-28,True,23754000,4212.0,3837.2,Estimator C,CUST-0247,True
7320,2025,2025-06-06,True,24474302,5257.5,6661.12,Estimator C,CUST-0248,True
7341,2025,2025-06-02,True,23885406,5589.0,2517.85,Estimator A,CUST-0249,True
7354,2025,2025-06-09,True,25848907,2756.0,2537.7,Estimator B,CUST-0250,True
7279,2025,2025-06-11,True,24064606,9153.9,6564.05,Estimator A,CUST-0251,True
7369,2025,2023-06-12,True,24048704,6955.5,13711.5,Estimator A,CUST-0252,True
7371,2025,2025-06-12,True,24012401,5450.0,2370.27,Estimator A,CUST-0253,True
7380,2025,2025-06-16,True,24040405,3105.0,1852.99,Estimator A,CUST-0254,True
7367,2025,2025-06-17,True,24063601,5209.4,3259.47,Estimator A,CUST-0255,True
7330,2025,2025-06-18,True,24179206,7813.8,2356.29,Estimator A,CUST-0256,True
7350,2025,2025-06-18,True,24087907,9028.8,7674.51,Estimator C,CUST-0257,True
7394,2025,2025-06-19,True,24098406,1430.0,11333.16,Estimator A,CUST-0258,True
7384,2025,2025-06-20,True,24100807,2025.0,2221.11,Estimator A,CUST-0259,True
7399,2025,2025-06-23,True,24403605,3110.4,3653.01,Estimator C,CUST-0260,True
7404,2025,2025-06-25,True,24473803,5216.4,2051.88,Estimator B,CUST-0261,True
7407,2025,2025-06-27,True,24130900,4201.0,4623.0,Estimator A,CUST-0262,True
7389,2025,2025-06-30,True,24220806,5254.9,4727.57,Estimator B,CUST-0263,True
7416,2025,2025-07-01,True,24361801,8629.2,8470.79,Estimator A,CUST-0264,True
7411,2025,2025-07-02,True,24514803,1000.0,4262.05,Estimator A,CUST-0265,True
7415,2025,2025-07-03,True,24680303,5130.0,2406.21,Estimator A,CUST-0266,True
7344,2025,2025-07-08,True,24237609,3402.0,1713.79,Estimator A,CUST-0267,True
7434,2025,2025-07-11,True,24497806,735.0,3025.58,Estimator A,CUST-0268,True
7448,2025,2025-07-14,True,24364402,3510.0,2040.24,Estimator A,CUST-0269,True
7454,2025,2025-07-15,True,24443800,3375.0,2346.81,Estimator A,CUST-0270,True
7451,2025,2025-07-15,True,25813001,2790.4,1627.85,Estimator B,CUST-0271,True
7439&7440,2025,2025-07-18,True,24531904,3541.4,1766.16,Estimator A,CUST-0272,True
7474,2025,2025-07-24,True,24665001,3166.25,2136.7,Estimator A,CUST-0273,True
7467,2025,2025-07-25,True,25632600,3017.0,5348.0,Estimator A,CUST-0274,True
7472,2025,2025-07-25,True,24533301,6944.4,5282.76,Estimator A,CUST-0275,True
7372,2025,2025-07-29,True,24565904,8568.0,9233.87,Estimator A,CUST-0276,True
7455,2025,2025-07-29,True,24534503,2400.45,4551.68,Estimator B,CUST-0277,True
7482,2025,2025-07-31,True,24617906,1657.5,3606.2,Estimator A,CUST-0278,True
7494,2025,2025-07-31,True,24949702,550.0,6176.59,Estimator A,CUST-0279,True
7498,2025,2025-08-01,True,24584506,4260.6,4082.17,Estimator C,CUST-0280,True
7512,2025,2025-08-05,True,24712409,270.0,665.49,Estimator B,CUST-0281,True
7518,2025,2025-08-08,True,25249004,10795.35,,Estimator A,CUST-0282,True
7523,2025,2025-08-11,True,24719206,3613.4,886.2,Estimator A,CUST-0283,True
7524,2025,2025-08-11,True,24761908,5632.2,4156.87,Estimator A,CUST-0284,True
7534,2025,2025-08-14,True,24787008,4887.0,4414.36,Estimator C,CUST-0285,True
7506,2025,2025-08-18,True,25615309,1560.0,3716.38,Estimator A,CUST-0286,True
7558,2025,2025-08-22,True,25674800,2457.0,1702.41,Estimator A,CUST-0287,True
7565,2025,2025-08-27,False,,4680.0,3200.85,Estimator A,CUST-0288,False
7568,2025,2025-08-28,True,26144006,7673.75,8269.77,Estimator A,CUST-0289,True
7579,2025,2025-09-04,True,25117203,4075.5,5594.58,Estimator A,CUST-0290,True
7541,2025,2025-09-03,True,25106302,3250.0,2485.6,Estimator B,CUST-0291,True
7583,2025,2025-09-04,True,26324508,3300.0,4446.1,Estimator A,CUST-0292,True
7591,2025,2025-09-05,True,25736609,5400.0,4212.12,Estimator A,CUST-0293,True
7593,2025,2025-09-08,True,25907506,351.0,3244.95,Estimator A,CUST-0294,True
7543,2025,2025-09-11,True,26303605,283.6,10452.39,Estimator A,CUST-0295,True
7601,2025,2025-09-11,True,25513603,4455.0,2945.0,Estimator A,CUST-0296,True
7584,2025,2025-09-15,True,25625602,690.0,4520.01,Estimator A,CUST-0297,True
7613,2025,2025-09-16,True,25808803,3067.2,1800.0,Estimator A,CUST-0298,True
7610,2025,2025-09-16,True,25151509,2700.0,2592.35,Estimator A,CUST-0299,True
7590,2025,2025-09-17,True,25685205,5072.9,4504.25,Estimator A,CUST-0300,True
7620,2025,2025-09-18,True,25500407,3591.0,1706.31,Estimator A,CUST-0301,True
7624,2025,2025-09-19,True,25789206,2620.8,3166.98,Estimator B,CUST-0302,True
7612,2025,2025-09-19,True,26144808,2398.5,4987.23,Estimator A,CUST-0303,True
7647,2025,2025-09-29,True,25749409,3114.15,1915.2,Estimator B,CUST-0304,True
7646,2025,2025-09-29,True,26394403,4201.2,2995.81,Estimator A,CUST-0305,True
7655,2025,2025-09-30,True,25627306,550.0,2399.45,Estimator A,CUST-0306,True
7639,2025,2025-09-30,True,25684803,3705.0,7310.0,Unattributed,CUST-0307,True
7673,2025,2025-10-01,True,25679601,2808.0,6948.15,Estimator A,CUST-0308,True
7653,2025,2025-10-01,True,25849404,5130.0,4987.38,Estimator A,CUST-0309,True
7674,2025,2025-10-03,True,25729708,3646.5,2143.7,Estimator A,CUST-0310,True
7677,2025,2025-10-03,True,25847803,4374.0,3391.79,Estimator A,CUST-0311,True
7522,2025,2025-10-03,True,25784006,3120.0,4531.16,Estimator B,CUST-0312,True
7678,2025,2025-10-06,True,26350109,5228.7,3992.93,Estimator A,CUST-0313,True
7703,2025,2025-10-10,True,25640905,3295.5,4494.44,Estimator A,CUST-0314,True
7695,2025,2025-10-10,True,26147601,4509.0,5498.75,Estimator A,CUST-0315,True
7699,2025,2025-10-13,True,25697303,3400.0,1565.94,Estimator A,CUST-0316,True
7685,2025,2025-10-13,True,25786405,2165.4,5252.95,Estimator B,CUST-0317,True
7710,2025,2025-10-14,True,25633803,4975.0,2000.17,Estimator A,CUST-0318,True
7712,2025,2025-10-14,True,25615003,1000.0,5501.8,Estimator A,CUST-0319,True
7715,2025,2025-10-15,True,25745705,2835.0,2652.43,Estimator A,CUST-0320,True
7723,2025,2025-10-16,True,25692102,2700.0,1582.2,Estimator B,CUST-0321,True
7732,2025,2025-10-20,True,25844603,3642.5,2319.32,Estimator A,CUST-0322,True
7733,2025,2025-10-21,True,25842500,4268.5,2852.3,Estimator A,CUST-0323,True
7740,2025,2025-10-21,True,25689602,4725.0,1564.95,Estimator A,CUST-0324,True
7691,2025,2025-10-22,True,25688703,5684.0,3679.53,Estimator A,CUST-0325,True
7751,2025,2025-10-23,True,25732501,5670.0,2760.3,Estimator A,CUST-0326,True
7767,2025,2025-10-25,True,26207306,5173.2,8850.9,Estimator C,CUST-0327,True
7757,2025,2025-10-27,True,25769108,2489.75,1968.94,Estimator A,CUST-0328,True
7602,2025,2025-09-12,True,25734908,4533.3,2779.28,Estimator A,CUST-0329,True
7777,2025,2025-10-27,True,25845200,1638.0,4137.1,Estimator A,CUST-0330,True
7766,2025,2025-10-29,True,25890108,3256.5,4176.49,Estimator A,CUST-0331,True
7779,2025,2025-10-30,True,25859700,3412.5,5747.57,Estimator A,CUST-0332,True
7785,2025,2025-10-31,True,25994403,2322.0,2721.51,Estimator A,CUST-0333,True
7787,2025,2025-10-29,True,25858200,11860.0,19790.0,Estimator A,CUST-0334,True
7762,2025,2025-10-30,True,25875000,3348.0,1025.76,Estimator A,CUST-0335,True
7692,2025,2025-10-08,True,25803600,812.5,361.89,Estimator A,CUST-0336,True
7793,2025,2025-11-03,True,26225908,4158.0,3036.15,Estimator A,CUST-0337,True
7772,2025,2025-11-06,False,,1954.8,5639.36,Estimator B,CUST-0338,False
7792,2025,2025-10-31,True,26209909,4300.0,4240.5,Estimator B,CUST-0339,True
7784,2025,2025-10-31,True,25949307,2316.6,5625.22,Estimator B,CUST-0340,True
7797,2025,2025-11-04,True,26223800,4617.0,3876.45,Estimator A,CUST-0341,True
7798,2025,2025-11-04,True,25953404,3650.0,3952.43,Estimator A,CUST-0342,True
7799,2025,2025-11-05,True,26150309,4536.0,3443.27,Estimator B,CUST-0343,True
7800,2025,2025-11-07,True,26146309,5400.0,4893.0,Estimator B,CUST-0344,True
7810,2025,2025-11-05,True,26268400,4390.2,6839.9,Estimator A,CUST-0345,True
7808,2025,2025-11-06,True,25966305,1080.0,2959.2,Estimator A,CUST-0346,True
7812,2025,2025-11-07,True,26152301,1000.0,3144.95,Estimator A,CUST-0347,True
7820,2025,2025-11-12,False,,4467.5,2456.75,Estimator A,CUST-0348,False
7822,2025,2025-11-11,True,26268603,8048.0,3078.89,Estimator A,CUST-0349,True
7821,2025,2025-11-14,True,26268808,5913.0,3397.42,Estimator A,CUST-0350,True
7835,2025,2025-11-18,True,26269905,2925.0,2144.2,Estimator A,CUST-0351,True
7845,2025,2025-11-18,True,26271204,4581.5,6280.96,Estimator A,CUST-0352,True
7854,2025,2025-11-20,True,26273004,1657.5,4543.88,Estimator B,CUST-0353,True
7855,2025,2025-11-21,True,26279305,4590.0,4233.88,Estimator C,CUST-0354,True
7850,2025,2025-11-21,True,26282908,3783.0,7527.16,Estimator A,CUST-0355,True
7851,2025,2025-11-20,True,26304204,1200.01,843.12,Estimator C,CUST-0356,True
7856,2025,2025-11-22,True,26319709,2223.0,8426.73,Estimator B,CUST-0357,True
7867,2025,2025-11-24,True,26413802,7298.55,7859.18,Estimator C,CUST-0358,True
7868,2025,2025-11-24,True,26320603,5089.5,2255.65,Estimator B,CUST-0359,True
7847,2025,2025-11-24,True,26323009,2418.0,5527.77,Estimator A,CUST-0360,True
7873,2025,2025-11-25,True,26349306,3596.4,3667.97,Estimator A,CUST-0361,True
7852,2025,2025-12-01,True,26351004,5070.45,4072.92,Other,CUST-0362,True
7884,2025,2025-12-01,True,26346405,1267.5,2734.71,Estimator A,CUST-0363,True
7885,2025,2025-12-01,True,26658908,7965.0,9468.64,Estimator A,CUST-0364,True
7874,2025,2025-12-03,True,26346806,2145.0,4627.58,Estimator A,CUST-0365,True
7905,2025,2025-12-05,True,26384100,2489.4,1386.68,Estimator B,CUST-0366,True
7872,2025,2025-12-05,True,26393604,2340.0,4111.35,Estimator A,CUST-0367,True
7890,2025,2025-12-05,True,26595903,4240.0,2302.63,Estimator A,CUST-0368,True
7781,2025,2025-12-22,True,26666409,4323.6,6726.83,Estimator A,CUST-0369,True
7902,2025,,False,,7563.6,4723.65,Estimator A,CUST-0370,False
7875,2025,2025-12-08,True,26599105,6454.6,10308.11,Estimator B,CUST-0371,True
7869,2025,2025-12-08,True,26659204,5659.5,11410.48,Estimator A,CUST-0372,True
7387,2025,2025-12-04,True,26504301,4424.0,8873.0,Estimator B,CUST-0373,True
7911,2025,2025-12-09,True,26543803,3818.1,7555.31,Estimator A,CUST-0374,True
7910,2025,2025-12-10,True,26505902,3105.0,2278.27,Estimator A,CUST-0375,True
7917,2025,2025-12-10,True,26660105,7106.4,4523.6,Estimator A,CUST-0376,True
7879,2025,2025-12-12,True,26660203,2730.0,4052.81,Estimator A,CUST-0377,True
7942,2025,2025-12-19,True,26660708,7452.0,6184.33,Estimator A,CUST-0378,True
7927,2025,2025-12-19,True,26662802,1365.0,2065.3,Estimator A,CUST-0379,True
7960,2025,2025-12-23,True,26665201,6185.7,6427.19,Estimator A,CUST-0380,True
7929,2025,2025-12-16,True,26666904,5445.0,1748.93,Estimator A,CUST-0381,True
7985,2026,2026-01-02,True,27088204,1875.0,827.35,Estimator A,CUST-0382,True
7979 |7984,2026,2026-01-02,True,26967105,4475.0,3598.96,Estimator A,CUST-0383,True
7986,2026,2026-01-05,True,26980802,3568.5,3773.1,Estimator A,CUST-0384,True
8007,2026,2026-01-14,True,27140908,3452.5,2883.67,Estimator B,CUST-0385,True
8010,2026,2026-01-12,True,27088702,2887.5,2870.45,Estimator A,CUST-0386,True
7998,2026,2026-01-28,True,27242803,3217.5,4003.68,Estimator A,CUST-0387,True
8002,2026,2026-01-13,True,27108906,1657.5,3440.0,Estimator B,CUST-0388,True
8018,2026,2026-01-16,True,27141503,4558.6,5329.4,Estimator C,CUST-0389,True
8029,2026,2026-01-19,False,,2320.5,2451.63,Estimator A,CUST-0390,False
8044,2026,2026-01-26,True,27163101,4780.0,1733.6,Estimator A,CUST-0391,True
8056,2026,2026-01-26,True,27231708,2964.6,3253.74,Estimator A,CUST-0393,True
8058,2026,2026-01-27,True,27157308,6189.4,4975.0,Estimator C,CUST-0394,True
8041,2026,2026-01-27,True,27239801,5025.0,6351.92,Estimator A,CUST-0395,True
8062,2026,2026-01-28,True,27330007,4368.6,2973.06,Estimator A,CUST-0396,True
8071,2026,2026-01-29,True,27461104,5835.7,4996.57,Estimator A,CUST-0397,True
8066,2026,2026-01-29,True,27241302,2418.0,1603.04,Estimator A,CUST-0398,True
8091,2026,2026-02-12,True,27396802,4159.0,3994.59,Estimator A,CUST-0400,True
8094,2026,2026-02-06,True,27289405,4105.0,3922.48,Estimator A,CUST-0401,True
8086,2026,2026-02-11,True,27518403,3375.0,1852.2,Estimator A,CUST-0402,True
8107,2026,2026-02-13,True,27466008,691.6,4805.69,Estimator B,CUST-0403,True
8104,2026,2026-02-13,True,27461604,2625.0,2191.2,Estimator A,CUST-0404,True
8108,2026,2026-02-16,True,27406002,1711.6,4559.9,Estimator C,CUST-0405,True
8126,2026,2026-02-18,True,27460109,3060.0,,Estimator B,CUST-0406,True
8111,2026,2026-02-25,True,27531303,2217.15,5010.67,Estimator B,CUST-0407,True
8152,2026,2026-02-26,True,27528706,1565.0,649.54,Estimator A,CUST-0408,True
8187,2026,2026-03-06,True,28808505,2851.2,2685.35,Estimator A,CUST-0409,True
8186,2026,2026-03-06,True,27633407,1739.2,8238.54,Estimator C,CUST-0410,True
8170,2026,2026-03-16,True,27882709,2660.0,1950.05,Estimator B,CUST-0411,True
8216,2026,2026-03-16,True,27881105,6306.25,11465.35,Estimator C,CUST-0412,True
8249,2026,2026-03-23,True,27852902,152.0,5960.84,Estimator C,CUST-0413,True
8247,2026,2026-03-24,True,27882204,2925.0,5206.4,Estimator A,CUST-0414,True
8236,2026,2026-03-20,True,27796809,1400.0,5047.36,Estimator A,CUST-0415,True
8245,2026,2026-03-24,True,28125504,4215.7,3099.14,Estimator A,CUST-0416,True
8253,2026,2026-03-26,True,27942807,4957.2,4563.0,Estimator B,CUST-0417,True
8270,2026,2026-03-30,True,27942102,3808.0,3176.27,Estimator A,CUST-0418,True
8281,2026,2026-03-31,True,28004407,550.0,4298.79,Estimator A,CUST-0419,True
8290,2026,2026-04-03,True,28006006,5212.0,4643.3,Estimator A,CUST-0420,True
8279,2026,2026-04-07,True,28018802,3166.8,5162.61,Estimator B,CUST-0421,True
8306,2026,2026-04-10,True,28070002,6487.0,10255.52,Estimator A,CUST-0422,True
8309,2026,2026-04-14,True,28081802,1755.0,6398.06,Estimator A,CUST-0423,True
8337,2026,2026-04-14,True,28766308,3642.0,7203.58,Estimator A,CUST-0424,True
8353,2026,2026-04-13,True,28483502,856.5,3524.17,Estimator A,CUST-0425,True
8345,2026,2026-04-13,True,28109000,2419.2,2884.9,Estimator A,CUST-0426,True
8373,2026,2026-04-22,True,28185306,2340.0,4266.0,Estimator B,CUST-0427,True
8384,2026,2026-04-22,True,28185605,1000.0,2679.78,Estimator B,CUST-0428,True
8386,2026,2026-04-23,True,28214909,2817.9,6680.4,Estimator C,CUST-0429,True
8389,2026,2026-04-28,True,28234908,3874.4,4677.37,Estimator A,CUST-0430,True
8305,2026,2026-04-28,True,28259902,4207.5,2064.81,Estimator B,CUST-0431,True
8398,2026,2026-04-29,True,28260806,270.4,9261.85,Estimator C,CUST-0432,True
8400,2026,2026-04-30,True,28281402,1000.0,1929.6,Estimator B,CUST-0433,True
8407,2026,2026-05-01,True,28296302,1000.0,9347.75,Estimator A,CUST-0434,True
8406,2026,2026-05-04,True,28309604,1000.0,4846.85,Estimator A,CUST-0435,True
8178,2026,2026-05-11,True,28396706,3870.0,7320.16,Estimator C,CUST-0436,True
8422,2026,2026-05-12,True,28414908,2028.0,6786.08,Estimator A,CUST-0437,True
8303,2026,2026-05-13,True,28417106,2782.5,2256.57,Estimator A,CUST-0438,True
8444,2026,2026-05-13,True,28488802,1600.0,870.72,Estimator A,CUST-0439,True
8460,2026,2026-05-21,True,28604504,264.0,6579.7,Estimator A,CUST-0440,True
8455,2026,2026-05-22,True,28584500,1474.2,3033.1,Estimator A,CUST-0441,True
8463,2026,2026-05-26,True,28607801,1682.85,5158.97,Estimator C,CUST-0442,True
8467,2026,2026-05-26,True,28590907,5000.0,3424.8,Estimator C,CUST-0444,True
8475,2026,2026-05-27,True,28684607,4726.0,5864.44,Estimator B,CUST-0445,True
8474,2026,2026-05-27,True,28610409,2145.0,4229.31,Estimator A,CUST-0446,True
8477,2026,2026-05-28,True,28844001,1246.0,8601.77,Estimator A,CUST-0447,True
8479,2026,2026-05-29,True,28683500,3667.6,3775.6,Estimator C,CUST-0448,True
8413,2026,2026-05-29,True,28687607,5471.2,8654.19,Estimator B,CUST-0449,True
8491,2026,2026-06-02,True,28698409,6400.0,12820.12,Estimator C,CUST-0450,True
8499,2026,2026-06-02,True,28765904,2970.0,2003.95,Estimator B,CUST-0451,True
8495,2026,2026-06-04,True,28766908,2028.0,1502.97,Estimator A,CUST-0452,True
8509,2026,2026-06-05,True,28767501,2059.2,1236.2,Estimator A,CUST-0453,True
8541,2026,2026-06-15,True,28897104,2433.6,2526.77,Estimator C,CUST-0454,True
8552,2026,2026-06-17,True,28931706,1638.0,5113.74,Estimator A,CUST-0455,True
8538,2026,2026-06-18,True,28932003,2480.4,6340.34,Estimator C,CUST-0456,True
8553,2026,2026-06-18,True,29036101,2396.55,4018.54,Estimator B,CUST-0457,True
8566,2026,2026-06-22,True,29006100,5238.0,3530.76,Estimator A,CUST-0458,True
8570,2026,2026-06-23,True,29036707,2875.0,1251.2,Estimator A,CUST-0459,True
8572,2026,2026-06-24,True,29036808,7063.6,4303.74,Estimator A,CUST-0460,True
8597,2026,2026-06-30,True,29066508,3471.0,5646.85,Estimator A,CUST-0461,True
8601,2026,2026-07-01,True,29139203,4376.8,10068.5,Estimator A,CUST-0462,True
8587,2026,2026-07-01,True,29052407,2632.5,3873.79,Estimator A,CUST-0464,True
8609,2026,2026-07-02,True,29052604,550.0,10622.37,Estimator A,CUST-0465,True
8602,2026,2026-07-06,True,29166008,3332.8,2304.22,Estimator B,CUST-0466,True
8616,2026,2026-07-07,True,29169208,4455.0,6387.24,Estimator C,CUST-0467,True
8635,2026,2026-07-11,True,29172603,7324.0,10896.42,Estimator B,CUST-0468,True
8603,2026,2026-07-02,True,29173207,2160.0,1547.34,Estimator B,CUST-0469,True
8626,2026,2026-07-08,False,,2835.0,4793.65,Estimator A,CUST-0470,True
8618,2026,2026-07-13,False,,550.0,10372.67,Estimator A,CUST-0471,True
8649,2026,2026-07-14,False,,,,Estimator C,CUST-0472,True
8621,2026,2026-07-14,False,,,,Estimator C,CUST-0473,True
7987,2026,2026-06-29,False,,7650.0,13000.0,Estimator A,CUST-0474,True
8613,2026,2026-07-06,False,,6998.5,5408.92,Estimator A,CUST-0475,True
8606,2026,2026-07-02,False,,7541.5,13166.83,Estimator A,CUST-0476,True
8265,2026,2026-06-17,False,,400.0,,Estimator A,CUST-0477,True
8486,2026,2026-06-05,False,,3538.0,,Estimator C,CUST-0478,True
8559,2026,2026-06-19,False,,1741.5,2492.95,Estimator B,CUST-0479,True
